[
    {
        "idbase": 2009124,
        "domain": "Alignement",
        "height": 20,
        "circumference": 180,
        "location": {
            "id_location": "202007",
            "address": "QUAI D ANJOU",
            "arrondissement": "PARIS 4E ARRDT"
        },
        "geo": {
            "geo_point_2d": "48.85147228571697, 2.3598045070436515"
        },
        "taxonomy": {
            "genre": "Populus"
        }
    },
    {
        "idbase": 2009124,
        "domain": "Alignement",
        "stage": "Adulte",
        "height": 20,
        "circumference": 170,
        "location": {
            "id_location": "202007",
            "address": "QUAI D ANJOU",
            "arrondissement": "PARIS 4E ARRDT"
        },
        "geo": {
            "geo_point_2d": "48.85147228571697, 2.3598045070436515"
        },
        "taxonomy": {
            "name": "Peuplier",
            "species": "sp.",
            "genre": "Populus"
        }
    },
    {
        "idbase": 227160,
        "domain": "Alignement",
        "height": 15,
        "circumference": 165,
        "location": {
            "id_location": "201008",
            "address": "PORT DES SAINTS PERES / QUAI MALAQUAIS",
            "arrondissement": "PARIS 6E ARRDT"
        },
        "geo": {
            "geo_point_2d": "48.85831741176347, 2.3344414199576278"
        },
        "taxonomy": {
            "name": "Peuplier",
            "species": "alba",
            "genre": "Populus",
            "variety": "Raket"
        }
    },
    {
        "idbase": 2038934,
        "domain": "Jardin",
        "stage": "Jeune (arbre)",
        "height": 14,
        "circumference": 80,
        "location": {
            "id_location": "902011",
            "suppl_address": "Le bassin",
            "address": "PARC KELLERMANN / 19 RUE DE LA POTERNE DES PEUPLIERS",
            "arrondissement": "PARIS 13E ARRDT"
        },
        "geo": {
            "geo_point_2d": "48.81830998534804, 2.355091941591394"
        },
        "taxonomy": {
            "name": "Non spécifié",
            "species": "sp.",
            "genre": "Non spécifié"
        }
    },
    {
        "idbase": 2037381,
        "domain": "Jardin",
        "stage": "Adulte",
        "height": 14,
        "circumference": 80,
        "location": {
            "id_location": "902011",
            "suppl_address": "Le bassin",
            "address": "PARC KELLERMANN / 19 RUE DE LA POTERNE DES PEUPLIERS",
            "arrondissement": "PARIS 13E ARRDT"
        },
        "geo": {
            "geo_point_2d": "48.81830998534804, 2.355091941591394"
        },
        "taxonomy": {
            "name": "Non spécifié",
            "species": "sp.",
            "genre": "Non spécifié"
        }
    },
    {
        "idbase": 2041516,
        "domain": "Jardin",
        "stage": "Jeune (arbre)Adulte",
        "height": 8,
        "circumference": 60,
        "location": {
            "id_location": "101012",
            "address": "SQUARE ERNEST GOUIN / 19 RUE EMILE LEVEL",
            "arrondissement": "PARIS 17E ARRDT"
        },
        "geo": {
            "geo_point_2d": "48.89430557830269, 2.317965140380963"
        },
        "taxonomy": {
            "name": "Prunus n. sp.",
            "species": "sp.",
            "genre": "Prunus"
        }
    },
    {
        "idbase": 2041457,
        "domain": "Jardin",
        "stage": "Jeune (arbre)Adulte",
        "height": 8,
        "circumference": 60,
        "location": {
            "id_location": "101012",
            "address": "SQUARE ERNEST GOUIN / 19 RUE EMILE LEVEL",
            "arrondissement": "PARIS 17E ARRDT"
        },
        "geo": {
            "geo_point_2d": "48.89430557830269, 2.317965140380963"
        },
        "taxonomy": {
            "name": "Prunus n. sp.",
            "species": "sp.",
            "genre": "Prunus"
        }
    },
    {
        "idbase": 2041455,
        "domain": "Jardin",
        "stage": "Jeune (arbre)",
        "height": 6,
        "circumference": 78,
        "location": {
            "id_location": "101001",
            "address": "JARDIN PAUL DIDIER / 12 RUE DU COLONEL MANHES",
            "arrondissement": "PARIS 17E ARRDT"
        },
        "geo": {
            "geo_point_2d": "48.894870362630016, 2.3186016731230725"
        },
        "taxonomy": {
            "name": "Orme",
            "species": "sp.",
            "genre": "Ulmus"
        }
    },
    {
        "idbase": 2041514,
        "domain": "Jardin",
        "stage": "Jeune (arbre)",
        "height": 6,
        "circumference": 78,
        "location": {
            "id_location": "101001",
            "address": "JARDIN PAUL DIDIER / 12 RUE DU COLONEL MANHES",
            "arrondissement": "PARIS 17E ARRDT"
        },
        "geo": {
            "geo_point_2d": "48.894870362630016, 2.3186016731230725"
        },
        "taxonomy": {
            "name": "Orme",
            "species": "sp.",
            "genre": "Ulmus"
        }
    },
    {
        "idbase": 132079,
        "domain": "Alignement",
        "stage": "Jeune (arbre)Adulte",
        "height": 6,
        "circumference": 65,
        "location": {
            "id_location": "103017",
            "address": "AVENUE DE TAILLEBOURG",
            "arrondissement": "PARIS 11E ARRDT"
        },
        "geo": {
            "geo_point_2d": "48.85002871626844, 2.3979943882939807"
        },
        "taxonomy": {
            "name": "Tilleul",
            "species": "tomentosa",
            "genre": "Tilia"
        }
    },
    {
        "idbase": 235152,
        "domain": "Alignement",
        "stage": "Jeune (arbre)Adulte",
        "height": 5,
        "circumference": 55,
        "location": {
            "id_location": "103011",
            "address": "AVENUE DE TAILLEBOURG",
            "arrondissement": "PARIS 11E ARRDT"
        },
        "geo": {
            "geo_point_2d": "48.85002871626844, 2.3979943882939807"
        },
        "taxonomy": {
            "name": "Tilleul",
            "species": "sp.",
            "genre": "Tilia"
        }
    },
    {
        "idbase": 2041515,
        "domain": "Jardin",
        "stage": "Jeune (arbre)",
        "height": 5,
        "circumference": 50,
        "location": {
            "id_location": "101002",
            "address": "SQUARE ERNEST GOUIN / 19 RUE EMILE LEVEL",
            "arrondissement": "PARIS 17E ARRDT"
        },
        "geo": {
            "geo_point_2d": "48.89391877343201, 2.317941722152433"
        },
        "taxonomy": {
            "name": "Saule",
            "species": "sp.",
            "genre": "Salix"
        }
    },
    {
        "idbase": 2041456,
        "domain": "Jardin",
        "stage": "Jeune (arbre)",
        "height": 5,
        "circumference": 50,
        "location": {
            "id_location": "101002",
            "address": "SQUARE ERNEST GOUIN / 19 RUE EMILE LEVEL",
            "arrondissement": "PARIS 17E ARRDT"
        },
        "geo": {
            "geo_point_2d": "48.89391877343201, 2.317941722152433"
        },
        "taxonomy": {
            "name": "Saule",
            "species": "sp.",
            "genre": "Salix"
        }
    },
    {
        "idbase": 2041496,
        "domain": "DJS",
        "stage": "Jeune (arbre)Adulte",
        "height": 5,
        "circumference": 35,
        "location": {
            "id_location": "102013",
            "address": "CENTRE SPORTIF EDOUARD PAILLERON / 24 RUE EDOUARD PAILLERON",
            "arrondissement": "PARIS 19E ARRDT"
        },
        "geo": {
            "geo_point_2d": "48.879611731425015, 2.3780024452661297"
        },
        "taxonomy": {
            "name": "Charme",
            "species": "betulus",
            "genre": "Carpinus"
        }
    },
    {
        "idbase": 2027851,
        "domain": "Alignement",
        "stage": "Jeune (arbre)",
        "height": 4,
        "circumference": 30,
        "location": {
            "id_location": "107001",
            "address": "JARDINIERES DU QUAI DU LOT / QUAI DU LOT",
            "arrondissement": "PARIS 19E ARRDT"
        },
        "geo": {
            "geo_point_2d": "48.90049951173317, 2.3805541879459273"
        },
        "taxonomy": {
            "name": "Peuplier",
            "species": "nigra",
            "genre": "Populus"
        }
    },
    {
        "idbase": 2041309,
        "domain": "DJS",
        "stage": "Jeune (arbre)Adulte",
        "height": 3,
        "circumference": 35,
        "location": {
            "id_location": "102013",
            "address": "CENTRE SPORTIF EDOUARD PAILLERON / 24 RUE EDOUARD PAILLERON",
            "arrondissement": "PARIS 19E ARRDT"
        },
        "geo": {
            "geo_point_2d": "48.879611731425015, 2.3780024452661297"
        },
        "taxonomy": {
            "name": "Charme",
            "species": "betulus",
            "genre": "Carpinus"
        }
    },
    {
        "idbase": 227160,
        "domain": "Alignement",
        "stage": "Jeune (arbre)",
        "height": 5,
        "circumference": 20,
        "location": {
            "id_location": "201008",
            "address": "PORT DES SAINTS PERES / QUAI MALAQUAIS",
            "arrondissement": "PARIS 6E ARRDT"
        },
        "geo": {
            "geo_point_2d": "48.85831741176347, 2.3344414199576278"
        },
        "taxonomy": {
            "name": "Peuplier",
            "species": "alba",
            "genre": "Populus",
            "variety": "Raket"
        }
    },
    {
        "idbase": 2027846,
        "domain": "Alignement",
        "height": 5,
        "circumference": 20,
        "location": {
            "id_location": "107001",
            "address": "JARDINIERES DU QUAI DU LOT / QUAI DU LOT",
            "arrondissement": "PARIS 19E ARRDT"
        },
        "geo": {
            "geo_point_2d": "48.90049951173317, 2.3805541879459273"
        },
        "taxonomy": {
            "name": "Peuplier",
            "species": "deltoides",
            "genre": "Populus"
        }
    },
    {
        "idbase": 273429,
        "domain": "Alignement",
        "stage": "Adulte",
        "height": 12,
        "circumference": 80105,
        "location": {
            "id_location": "101005",
            "address": "JARDINETS DE LA PLACE DES FETES / 4 RUE LOUISE THULIEZ",
            "arrondissement": "PARIS 19E ARRDT"
        },
        "geo": {
            "geo_point_2d": "48.87732175808519, 2.3943895472352636"
        },
        "taxonomy": {
            "name": "Tilleul",
            "species": "cordata",
            "genre": "Tilia"
        }
    },
    {
        "idbase": 225499,
        "domain": "Alignement",
        "stage": "Mature",
        "height": 2524,
        "circumference": 200,
        "location": {
            "id_location": "501001",
            "suppl_address": "41 b",
            "address": "BOULEVARD DE LA VILLETTE",
            "arrondissement": "PARIS 10E ARRDT"
        },
        "geo": {
            "geo_point_2d": "48.875060834803385, 2.373474341190757"
        },
        "taxonomy": {
            "name": "Platane",
            "species": "x hispanica",
            "genre": "Platanus"
        }
    },
    {
        "idbase": 285674,
        "domain": "Alignement",
        "stage": "Mature",
        "height": 2019,
        "circumference": 202,
        "location": {
            "id_location": "1202001",
            "suppl_address": "74",
            "address": "BOULEVARD DE STRASBOURG",
            "arrondissement": "PARIS 10E ARRDT"
        },
        "geo": {
            "geo_point_2d": "48.875581146617584, 2.3580567721353276"
        },
        "taxonomy": {
            "name": "Platane",
            "species": "x hispanica",
            "genre": "Platanus"
        }
    },
    {
        "idbase": 219571,
        "domain": "Alignement",
        "stage": "Adulte",
        "height": 720,
        "circumference": 110,
        "location": {
            "id_location": "602001",
            "address": "AVENUE MARCEAU",
            "arrondissement": "PARIS 8E ARRDT"
        },
        "geo": {
            "geo_point_2d": "48.868767843857505, 2.298906837363186"
        },
        "taxonomy": {
            "name": "Platane",
            "species": "x hispanica",
            "genre": "Platanus"
        }
    },
    {
        "idbase": 222134,
        "domain": "Alignement",
        "stage": "Adulte",
        "height": 25,
        "circumference": 2230,
        "location": {
            "id_location": "602007",
            "address": "RUE ARMAND CARREL",
            "arrondissement": "PARIS 19E ARRDT"
        },
        "geo": {
            "geo_point_2d": "48.882903343444994, 2.374817896108178"
        },
        "taxonomy": {
            "name": "Platane",
            "species": "x hispanica",
            "genre": "Platanus"
        }
    },
    {
        "idbase": 271219,
        "domain": "Alignement",
        "stage": "Mature",
        "height": 26,
        "circumference": 2015,
        "location": {
            "id_location": "204016",
            "suppl_address": "f13",
            "address": "QUAI BRANLY",
            "arrondissement": "PARIS 7E ARRDT"
        },
        "geo": {
            "geo_point_2d": "48.86238889473763, 2.299772105066856"
        },
        "taxonomy": {
            "name": "Platane",
            "species": "occidentalis",
            "genre": "Platanus"
        }
    },
    {
        "idbase": 263460,
        "domain": "Alignement",
        "stage": "Mature",
        "height": 225,
        "circumference": 193,
        "location": {
            "id_location": "101022",
            "address": "AVENUE DE NEW YORK",
            "arrondissement": "PARIS 16E ARRDT"
        },
        "geo": {
            "geo_point_2d": "48.86372947703293, 2.2985844221199154"
        },
        "taxonomy": {
            "name": "Platane",
            "species": "x hispanica",
            "genre": "Platanus"
        }
    },
    {
        "idbase": 263212,
        "domain": "Alignement",
        "stage": "Mature",
        "height": 200,
        "circumference": 200,
        "location": {
            "id_location": "101004",
            "suppl_address": "12",
            "address": "AVENUE DU PRESIDENT KENNEDY",
            "arrondissement": "PARIS 16E ARRDT"
        },
        "geo": {
            "geo_point_2d": "48.85729861988434, 2.2872735300224605"
        },
        "taxonomy": {
            "name": "Platane",
            "species": "x hispanica",
            "genre": "Platanus"
        }
    },
    {
        "idbase": 250397,
        "domain": "Alignement",
        "stage": "Adulte",
        "height": 22,
        "circumference": 1650,
        "location": {
            "id_location": "402003",
            "address": "BOULEVARD D INDOCHINE",
            "arrondissement": "PARIS 19E ARRDT"
        },
        "geo": {
            "geo_point_2d": "48.88553462819007, 2.396775976777771"
        },
        "taxonomy": {
            "name": "Platane",
            "species": "x hispanica",
            "genre": "Platanus"
        }
    },
    {
        "idbase": 148265,
        "domain": "CIMETIERE",
        "stage": "Mature",
        "height": 119,
        "circumference": 251,
        "location": {
            "id_location": "A01300009007",
            "address": "CIMETIERE DES BATIGNOLLES / AVENUE CENTRALE / DIV 9",
            "arrondissement": "PARIS 17E ARRDT"
        },
        "geo": {
            "geo_point_2d": "48.897451150311525, 2.3162004223214643"
        },
        "taxonomy": {
            "name": "Marronnier",
            "species": "hippocastanum",
            "genre": "Aesculus"
        }
    },
    {
        "idbase": 227233,
        "domain": "Alignement",
        "stage": "Adulte",
        "height": 20,
        "circumference": 1345,
        "location": {
            "id_location": "202021",
            "suppl_address": "N°28",
            "address": "BOULEVARD DE DOUAUMONT",
            "arrondissement": "PARIS 17E ARRDT"
        },
        "geo": {
            "geo_point_2d": "48.895313599902565, 2.3062225239196343"
        },
        "taxonomy": {
            "name": "Peuplier",
            "species": "alba",
            "genre": "Populus",
            "variety": "Raket"
        }
    },
    {
        "idbase": 108974,
        "domain": "Jardin",
        "stage": "Mature",
        "height": 35,
        "circumference": 730,
        "location": {
            "id_location": "201004",
            "suppl_address": "07-10b",
            "address": "SQUARE SANTIAGO DU CHILI / 1 PLACE SALVADOR ALLENDE",
            "arrondissement": "PARIS 7E ARRDT"
        },
        "geo": {
            "geo_point_2d": "48.85741309106275, 2.3110024977182184"
        },
        "taxonomy": {
            "name": "Platane",
            "species": "x hispanica",
            "genre": "Platanus"
        }
    },
    {
        "idbase": 253454,
        "domain": "Alignement",
        "stage": "Adulte",
        "height": 170,
        "circumference": 150,
        "location": {
            "id_location": "202033",
            "address": "RUE EMILE REYNAUD",
            "arrondissement": "PARIS 19E ARRDT"
        },
        "geo": {
            "geo_point_2d": "48.90123488834601, 2.3862021885875553"
        },
        "taxonomy": {
            "name": "Platane",
            "species": "x hispanica",
            "genre": "Platanus"
        }
    },
    {
        "idbase": 2019378,
        "domain": "Alignement",
        "stage": "Adulte",
        "height": 12,
        "circumference": 2085,
        "location": {
            "id_location": "102013",
            "address": "PLACE DES FETES",
            "arrondissement": "PARIS 19E ARRDT"
        },
        "geo": {
            "geo_point_2d": "48.87730459222784, 2.393457605594805"
        },
        "taxonomy": {
            "name": "Tilleul",
            "species": "tomentosa",
            "genre": "Tilia"
        }
    },
    {
        "idbase": 102141,
        "domain": "Jardin",
        "stage": "Mature",
        "remarkable": "OUI",
        "height": 30,
        "circumference": 740,
        "location": {
            "id_location": "H0690012",
            "suppl_address": "19-08",
            "address": "PARC DES BUTTES CHAUMONT",
            "arrondissement": "PARIS 19E ARRDT"
        },
        "geo": {
            "geo_point_2d": "48.88033181459148, 2.381303133541815"
        },
        "taxonomy": {
            "name": "Platane",
            "species": "x hispanica",
            "genre": "Platanus"
        }
    },
    {
        "idbase": 2031559,
        "domain": "Alignement",
        "stage": "Adulte",
        "height": 18,
        "circumference": 1170,
        "location": {
            "id_location": "202008",
            "address": "PORT DE LA TOURNELLE",
            "arrondissement": "PARIS 5E ARRDT"
        },
        "geo": {
            "geo_point_2d": "48.84987869853443, 2.356195946885193"
        },
        "taxonomy": {
            "name": "Peuplier",
            "species": "alba",
            "genre": "Populus"
        }
    },
    {
        "idbase": 263339,
        "domain": "Alignement",
        "stage": "Mature",
        "height": 60,
        "circumference": 345,
        "location": {
            "id_location": "802022",
            "address": "AVENUE DE NEW YORK",
            "arrondissement": "PARIS 16E ARRDT"
        },
        "geo": {
            "geo_point_2d": "48.86345963752068, 2.2965724851264895"
        },
        "taxonomy": {
            "name": "Platane",
            "species": "x hispanica",
            "genre": "Platanus"
        }
    },
    {
        "idbase": 135397,
        "domain": "Jardin",
        "stage": "Mature",
        "remarkable": "OUI",
        "height": 34,
        "circumference": 604,
        "location": {
            "id_location": "206",
            "suppl_address": "17-10",
            "address": "SQUARE DES BATIGNOLLES",
            "arrondissement": "PARIS 17E ARRDT"
        },
        "geo": {
            "geo_point_2d": "48.88768824567771, 2.3164592082970543"
        },
        "taxonomy": {
            "name": "Platane",
            "species": "x hispanica",
            "genre": "Platanus"
        }
    },
    {
        "idbase": 221662,
        "domain": "Alignement",
        "stage": "Adulte",
        "height": 15,
        "circumference": 1336,
        "location": {
            "id_location": "402002",
            "address": "PLACE DU GENERAL KOENIG",
            "arrondissement": "PARIS 17E ARRDT"
        },
        "geo": {
            "geo_point_2d": "48.88133688850017, 2.284286436064701"
        },
        "taxonomy": {
            "name": "Platane",
            "species": "x hispanica",
            "genre": "Platanus"
        }
    },
    {
        "idbase": 313940,
        "domain": "Jardin",
        "stage": "Mature",
        "remarkable": "OUI",
        "height": 31,
        "circumference": 645,
        "location": {
            "id_location": "00SO0222",
            "suppl_address": "08-02",
            "address": "PARC MONCEAU",
            "arrondissement": "PARIS 8E ARRDT"
        },
        "geo": {
            "geo_point_2d": "48.87858281831969, 2.307559794134397"
        },
        "taxonomy": {
            "name": "Platane",
            "species": "orientalis",
            "genre": "Platanus"
        }
    },
    {
        "idbase": 101364,
        "domain": "Jardin",
        "stage": "Mature",
        "height": 35,
        "circumference": 565,
        "location": {
            "id_location": "C00403003",
            "suppl_address": "LES PARTERRES - Le labyrinthe",
            "address": "PARC DE BERCY - JARDIN YITZHAK RABIN / 16 RUE JOSEPH KESSEL",
            "arrondissement": "PARIS 12E ARRDT"
        },
        "geo": {
            "geo_point_2d": "48.83538695597049, 2.381573980398214"
        },
        "taxonomy": {
            "name": "Platane",
            "species": "x hispanica",
            "genre": "Platanus"
        }
    },
    {
        "idbase": 191226,
        "domain": "DASCO",
        "stage": "Adulte",
        "height": 17,
        "circumference": 1143,
        "location": {
            "id_location": "102001",
            "address": "ECOLE ELEMENTAIRE / 37 RUE CHATEAU DES RENTIERS",
            "arrondissement": "PARIS 13E ARRDT"
        },
        "geo": {
            "geo_point_2d": "48.824314983762754, 2.3701144831324887"
        },
        "taxonomy": {
            "name": "Bouleau",
            "species": "pendula",
            "genre": "Betula"
        }
    },
    {
        "idbase": 280539,
        "domain": "Alignement",
        "stage": "Adulte",
        "height": 16,
        "circumference": 1170,
        "location": {
            "id_location": "701021",
            "address": "AVENUE DE LA GRANDE ARMEE",
            "arrondissement": "PARIS 16E ARRDT"
        },
        "geo": {
            "geo_point_2d": "48.87602506989646, 2.287488284964855"
        },
        "taxonomy": {
            "name": "Platane",
            "species": "x hispanica",
            "genre": "Platanus"
        }
    },
    {
        "idbase": 284581,
        "domain": "Alignement",
        "stage": "Adulte",
        "height": 118,
        "circumference": 157,
        "location": {
            "id_location": "2002002",
            "address": "AVENUE DE SAINT OUEN",
            "arrondissement": "PARIS 18E ARRDT"
        },
        "geo": {
            "geo_point_2d": "48.896040045584215, 2.3285516863052163"
        },
        "taxonomy": {
            "name": "Platane",
            "species": "x hispanica",
            "genre": "Platanus"
        }
    },
    {
        "idbase": 100818,
        "domain": "Jardin",
        "stage": "Mature",
        "remarkable": "OUI",
        "height": 35,
        "circumference": 528,
        "location": {
            "id_location": "D00103004",
            "suppl_address": "JARDIN YITZHAK RABIN - Le mail des Tilleuls",
            "address": "PARC DE BERCY - JARDIN YITZHAK RABIN / 16 RUE JOSEPH KESSEL",
            "arrondissement": "PARIS 12E ARRDT"
        },
        "geo": {
            "geo_point_2d": "48.83416244901348, 2.382559592189677"
        },
        "taxonomy": {
            "name": "Platane",
            "species": "x hispanica",
            "genre": "Platanus"
        }
    },
    {
        "idbase": 135385,
        "domain": "Jardin",
        "stage": "Mature",
        "height": 30,
        "circumference": 608,
        "location": {
            "id_location": "194",
            "suppl_address": "17-11",
            "address": "SQUARE DES BATIGNOLLES",
            "arrondissement": "PARIS 17E ARRDT"
        },
        "geo": {
            "geo_point_2d": "48.88807089077464, 2.315879461215544"
        },
        "taxonomy": {
            "name": "Platane",
            "species": "x hispanica",
            "genre": "Platanus"
        }
    },
    {
        "idbase": 306490,
        "domain": "Jardin",
        "stage": "Adulte",
        "height": 35,
        "circumference": 518,
        "location": {
            "id_location": "00SE0459",
            "address": "PARC MONCEAU",
            "arrondissement": "PARIS 8E ARRDT"
        },
        "geo": {
            "geo_point_2d": "48.87905410742817, 2.3100418087427435"
        },
        "taxonomy": {
            "name": "Platane",
            "species": "x hispanica",
            "genre": "Platanus"
        }
    },
    {
        "idbase": 141868,
        "domain": "CIMETIERE",
        "stage": "Adulte",
        "height": 116,
        "circumference": 156,
        "location": {
            "id_location": "A12000026002",
            "address": "CIMETIERE DE MONTMARTRE / AVENUE HECTOR BERLIOZ / DIV 26",
            "arrondissement": "PARIS 18E ARRDT"
        },
        "geo": {
            "geo_point_2d": "48.88749845435278, 2.3307987645074095"
        },
        "taxonomy": {
            "name": "Erable",
            "species": "platanoides",
            "genre": "Acer"
        }
    },
    {
        "idbase": 102140,
        "domain": "Jardin",
        "stage": "Mature",
        "remarkable": "OUI",
        "height": 30,
        "circumference": 600,
        "location": {
            "id_location": "H0690011",
            "address": "PARC DES BUTTES CHAUMONT",
            "arrondissement": "PARIS 19E ARRDT"
        },
        "geo": {
            "geo_point_2d": "48.88038579699093, 2.3813062978952027"
        },
        "taxonomy": {
            "name": "Platane",
            "species": "x hispanica",
            "genre": "Platanus"
        }
    },
    {
        "idbase": 108095,
        "domain": "Jardin",
        "stage": "Mature",
        "remarkable": "OUI",
        "height": 25,
        "circumference": 710,
        "location": {
            "id_location": "P00108001",
            "suppl_address": "Canton 01 / SETE",
            "address": "JARDIN DU CHAMP DE MARS ET PELOUSES DE L ECOLE MILITAIRE / SETE",
            "arrondissement": "PARIS 7E ARRDT"
        },
        "geo": {
            "geo_point_2d": "48.857838762835684, 2.293318744984814"
        },
        "taxonomy": {
            "name": "Platane",
            "species": "x hispanica",
            "genre": "Platanus"
        }
    },
    {
        "idbase": 136310,
        "domain": "Jardin",
        "stage": "Mature",
        "remarkable": "OUI",
        "height": 30,
        "circumference": 587,
        "location": {
            "id_location": "40026",
            "address": "JARDIN DES SERRES D AUTEUIL / 1 AVENUE GORDON BENNETT",
            "arrondissement": "PARIS 16E ARRDT"
        },
        "geo": {
            "geo_point_2d": "48.84714674672381, 2.2519835357695808"
        },
        "taxonomy": {
            "name": "Pterocarya",
            "species": "stenoptera",
            "genre": "Pterocarya"
        }
    },
    {
        "idbase": 302598,
        "domain": "Jardin",
        "stage": "Mature",
        "remarkable": "OUI",
        "height": 29,
        "circumference": 583,
        "location": {
            "id_location": "109003",
            "suppl_address": "Secteur Grand Palais",
            "address": "JARDINS DES CHAMPS ELYSEES - ABORDS OUEST DU GRAND PALAIS / 7 AVENUE WINSTON CHURCHILL",
            "arrondissement": "PARIS 8E ARRDT"
        },
        "geo": {
            "geo_point_2d": "48.86524779924705, 2.3133517483388184"
        },
        "taxonomy": {
            "name": "Platane",
            "species": "x hispanica",
            "genre": "Platanus"
        }
    },
    {
        "idbase": 100932,
        "domain": "Jardin",
        "stage": "Mature",
        "height": 30,
        "circumference": 560,
        "location": {
            "id_location": "C00301002",
            "suppl_address": "LES PARTERRES - Le jardin des senteurs",
            "address": "PARC DE BERCY - JARDIN YITZHAK RABIN / 16 RUE JOSEPH KESSEL",
            "arrondissement": "PARIS 12E ARRDT"
        },
        "geo": {
            "geo_point_2d": "48.83486477784831, 2.3823708136443096"
        },
        "taxonomy": {
            "name": "Platane",
            "species": "x hispanica",
            "genre": "Platanus"
        }
    },
    {
        "idbase": 302433,
        "domain": "Alignement",
        "stage": "Adulte",
        "height": 15,
        "circumference": 1119,
        "location": {
            "id_location": "202013",
            "suppl_address": "8",
            "address": "BOULEVARD DES CAPUCINES",
            "arrondissement": "PARIS 9E ARRDT"
        },
        "geo": {
            "geo_point_2d": "48.870836062273156, 2.3328546727393964"
        },
        "taxonomy": {
            "name": "Platane",
            "species": "x hispanica",
            "genre": "Platanus"
        }
    },
    {
        "idbase": 102063,
        "domain": "Jardin",
        "stage": "Mature",
        "height": 31,
        "circumference": 527,
        "location": {
            "id_location": "G0310010",
            "address": "PARC DES BUTTES CHAUMONT",
            "arrondissement": "PARIS 19E ARRDT"
        },
        "geo": {
            "geo_point_2d": "48.882631351690875, 2.3842996382232418"
        },
        "taxonomy": {
            "name": "Platane",
            "species": "x hispanica",
            "genre": "Platanus"
        }
    },
    {
        "idbase": 113547,
        "domain": "Jardin",
        "stage": "Mature",
        "remarkable": "OUI",
        "height": 25,
        "circumference": 651,
        "location": {
            "id_location": "0420A1001",
            "suppl_address": "Plateau Baigneuses",
            "address": "PARC MONTSOURIS / 28 BOULEVARD JOURDAN",
            "arrondissement": "PARIS 14E ARRDT"
        },
        "geo": {
            "geo_point_2d": "48.822714704800305, 2.338688411499106"
        },
        "taxonomy": {
            "name": "Platane",
            "species": "x hispanica",
            "genre": "Platanus"
        }
    },
    {
        "idbase": 306125,
        "domain": "Jardin",
        "stage": "Mature",
        "height": 25,
        "circumference": 650,
        "location": {
            "id_location": "00NE0646",
            "address": "PARC MONCEAU",
            "arrondissement": "PARIS 8E ARRDT"
        },
        "geo": {
            "geo_point_2d": "48.879819195176694, 2.310362485008971"
        },
        "taxonomy": {
            "name": "Platane",
            "species": "x hispanica",
            "genre": "Platanus"
        }
    },
    {
        "idbase": 136209,
        "domain": "Jardin",
        "stage": "Mature",
        "height": 30,
        "circumference": 520,
        "location": {
            "id_location": "111",
            "address": "SQUARE DES POETES",
            "arrondissement": "PARIS 16E ARRDT"
        },
        "geo": {
            "geo_point_2d": "48.847523283233684, 2.2556335661276856"
        },
        "taxonomy": {
            "name": "Platane",
            "species": "x hispanica",
            "genre": "Platanus"
        }
    },
    {
        "idbase": 306494,
        "domain": "Jardin",
        "stage": "Mature",
        "height": 35,
        "circumference": 440,
        "location": {
            "id_location": "00SE0465",
            "address": "PARC MONCEAU",
            "arrondissement": "PARIS 8E ARRDT"
        },
        "geo": {
            "geo_point_2d": "48.87911270359123, 2.3112992510207664"
        },
        "taxonomy": {
            "name": "Platane",
            "species": "x hispanica",
            "genre": "Platanus"
        }
    },
    {
        "idbase": 263036,
        "domain": "Alignement",
        "stage": "Mature",
        "height": 60,
        "circumference": 250,
        "location": {
            "id_location": "1404002",
            "address": "AVENUE DE NEW YORK",
            "arrondissement": "PARIS 16E ARRDT"
        },
        "geo": {
            "geo_point_2d": "48.86205939141685, 2.2928237426697566"
        },
        "taxonomy": {
            "name": "Platane",
            "species": "x hispanica",
            "genre": "Platanus"
        }
    },
    {
        "idbase": 257069,
        "domain": "Alignement",
        "stage": "Adulte",
        "height": 20,
        "circumference": 750,
        "location": {
            "id_location": "305015",
            "address": "PLACE DE LA BATAILLE DE STALINGRAD",
            "arrondissement": "PARIS 19E ARRDT"
        },
        "geo": {
            "geo_point_2d": "48.88418042524142, 2.3704470680619685"
        },
        "taxonomy": {
            "name": "Peuplier",
            "species": "nigra",
            "genre": "Populus",
            "variety": "Italica"
        }
    },
    {
        "idbase": 102837,
        "domain": "Jardin",
        "stage": "Mature",
        "remarkable": "OUI",
        "height": 27,
        "circumference": 553,
        "location": {
            "id_location": "K0660013",
            "suppl_address": "19-04 parcelle K66",
            "address": "PARC DES BUTTES CHAUMONT",
            "arrondissement": "PARIS 19E ARRDT"
        },
        "geo": {
            "geo_point_2d": "48.87975467752165, 2.3806631488200733"
        },
        "taxonomy": {
            "name": "Sequoia",
            "species": "giganteum",
            "genre": "Sequoiadendron"
        }
    },
    {
        "idbase": 302530,
        "domain": "Jardin",
        "stage": "Mature",
        "height": 28,
        "circumference": 525,
        "location": {
            "id_location": "101003",
            "suppl_address": "Secteur Petit Palais",
            "address": "JARDINS DES CHAMPS ELYSEES - PARTIE A LA FRANCAISE EST / AVENUE CHARLES GIRAULT",
            "arrondissement": "PARIS 8E ARRDT"
        },
        "geo": {
            "geo_point_2d": "48.86697773655627, 2.3143670245114674"
        },
        "taxonomy": {
            "name": "Platane",
            "species": "x hispanica",
            "genre": "Platanus"
        }
    },
    {
        "idbase": 306118,
        "domain": "Jardin",
        "stage": "Mature",
        "height": 28,
        "circumference": 525,
        "location": {
            "id_location": "00NE0639",
            "address": "PARC MONCEAU",
            "arrondissement": "PARIS 8E ARRDT"
        },
        "geo": {
            "geo_point_2d": "48.88006598922156, 2.3102714723730937"
        },
        "taxonomy": {
            "name": "Platane",
            "species": "x hispanica",
            "genre": "Platanus"
        }
    },
    {
        "idbase": 121945,
        "domain": "Jardin",
        "stage": "Mature",
        "remarkable": "OUI",
        "height": 28,
        "circumference": 520,
        "location": {
            "id_location": "202004",
            "suppl_address": "20-05",
            "address": "SQUARE EDOUARD VAILLANT / 50 AVENUE GAMBETTA",
            "arrondissement": "PARIS 20E ARRDT"
        },
        "geo": {
            "geo_point_2d": "48.86562176547551, 2.399941138607966"
        },
        "taxonomy": {
            "name": "Platane",
            "species": "x hispanica",
            "genre": "Platanus"
        }
    },
    {
        "idbase": 120588,
        "domain": "Jardin",
        "stage": "Mature",
        "remarkable": "OUI",
        "height": 28,
        "circumference": 520,
        "location": {
            "id_location": "103015",
            "suppl_address": "Place Saint-Pierre",
            "address": "SQUARE LOUISE MICHEL / 6 PLACE SAINT PIERRE",
            "arrondissement": "PARIS 18E ARRDT"
        },
        "geo": {
            "geo_point_2d": "48.88460843256252, 2.3439162521533463"
        },
        "taxonomy": {
            "name": "Platane",
            "species": "orientalis",
            "genre": "Platanus"
        }
    },
    {
        "idbase": 101241,
        "domain": "Jardin",
        "stage": "Mature",
        "height": 30,
        "circumference": 480,
        "location": {
            "id_location": "A00102001",
            "suppl_address": "Palais Omnisport de Paris Bercy",
            "address": "PARC DE BERCY / 128 QUAI DE BERCY",
            "arrondissement": "PARIS 12E ARRDT"
        },
        "geo": {
            "geo_point_2d": "48.8378201105097, 2.3778235459998274"
        },
        "taxonomy": {
            "name": "Platane",
            "species": "x hispanica",
            "genre": "Platanus"
        }
    },
    {
        "idbase": 305961,
        "domain": "Jardin",
        "stage": "Adulte",
        "height": 35,
        "circumference": 410,
        "location": {
            "id_location": "00SO0315",
            "address": "PARC MONCEAU",
            "arrondissement": "PARIS 8E ARRDT"
        },
        "geo": {
            "geo_point_2d": "48.87860036169902, 2.3081588236826804"
        },
        "taxonomy": {
            "name": "Platane",
            "species": "x hispanica",
            "genre": "Platanus"
        }
    },
    {
        "idbase": 102139,
        "domain": "Jardin",
        "stage": "Mature",
        "remarkable": "OUI",
        "height": 25,
        "circumference": 570,
        "location": {
            "id_location": "H0690013",
            "address": "PARC DES BUTTES CHAUMONT",
            "arrondissement": "PARIS 19E ARRDT"
        },
        "geo": {
            "geo_point_2d": "48.8803946985686, 2.381384616716798"
        },
        "taxonomy": {
            "name": "Platane",
            "species": "x hispanica",
            "genre": "Platanus"
        }
    },
    {
        "idbase": 135378,
        "domain": "Jardin",
        "stage": "Mature",
        "remarkable": "OUI",
        "height": 30,
        "circumference": 468,
        "location": {
            "id_location": "187",
            "suppl_address": "17-08",
            "address": "SQUARE DES BATIGNOLLES",
            "arrondissement": "PARIS 17E ARRDT"
        },
        "geo": {
            "geo_point_2d": "48.88752647288608, 2.316178759663428"
        },
        "taxonomy": {
            "name": "Platane",
            "species": "orientalis",
            "genre": "Platanus"
        }
    },
    {
        "idbase": 239880,
        "domain": "Alignement",
        "stage": "Adulte",
        "height": 149,
        "circumference": 94,
        "location": {
            "id_location": "3202018",
            "suppl_address": "170",
            "address": "BOULEVARD DE MAGENTA",
            "arrondissement": "PARIS 10E ARRDT"
        },
        "geo": {
            "geo_point_2d": "48.883460016616276, 2.3497494288655743"
        },
        "taxonomy": {
            "name": "Orme",
            "genre": "Ulmus",
            "variety": "Sapporo Autumn Gold RESISTA®"
        }
    },
    {
        "idbase": 307582,
        "domain": "Jardin",
        "stage": "Mature",
        "remarkable": "OUI",
        "height": 28,
        "circumference": 495,
        "location": {
            "id_location": "109002",
            "suppl_address": "Secteur Grand Palais",
            "address": "JARDINS DES CHAMPS ELYSEES - ABORDS OUEST DU GRAND PALAIS / 7 AVENUE WINSTON CHURCHILL",
            "arrondissement": "PARIS 8E ARRDT"
        },
        "geo": {
            "geo_point_2d": "48.865145918298765, 2.3133311934076186"
        },
        "taxonomy": {
            "name": "Platane",
            "species": "x hispanica",
            "genre": "Platanus"
        }
    },
    {
        "idbase": 2007768,
        "domain": "Alignement",
        "stage": "Mature",
        "height": 26,
        "circumference": 532,
        "location": {
            "id_location": "501015",
            "address": "PORT DU LOUVRE",
            "arrondissement": "PARIS 1ER ARRDT"
        },
        "geo": {
            "geo_point_2d": "48.86046326098287, 2.3307637637165413"
        },
        "taxonomy": {
            "name": "Platane",
            "species": "x hispanica",
            "genre": "Platanus"
        }
    },
    {
        "idbase": 108281,
        "domain": "Jardin",
        "stage": "Mature",
        "remarkable": "OUI",
        "height": 28,
        "circumference": 490,
        "location": {
            "id_location": "1004011",
            "suppl_address": "Canton 10",
            "address": "JARDINS DU TROCADERO / 3 PLACE DE VARSOVIE",
            "arrondissement": "PARIS 16E ARRDT"
        },
        "geo": {
            "geo_point_2d": "48.86261831314692, 2.289804250957924"
        },
        "taxonomy": {
            "name": "Platane",
            "species": "x hispanica",
            "genre": "Platanus"
        }
    },
    {
        "idbase": 211791,
        "domain": "Alignement",
        "stage": "Adulte",
        "height": 114,
        "circumference": 120,
        "location": {
            "id_location": "501014",
            "address": "AVENUE DE FLANDRE",
            "arrondissement": "PARIS 19E ARRDT"
        },
        "geo": {
            "geo_point_2d": "48.89208260609708, 2.378571068584196"
        },
        "taxonomy": {
            "name": "Micocoulier",
            "species": "australis",
            "genre": "Celtis"
        }
    },
    {
        "idbase": 272255,
        "domain": "Alignement",
        "stage": "Mature",
        "height": 30,
        "circumference": 450,
        "location": {
            "id_location": "401001",
            "address": "PORT DES SAINTS PERES / QUAI VOLTAIRE",
            "arrondissement": "PARIS 7E ARRDT"
        },
        "geo": {
            "geo_point_2d": "48.85889272705985, 2.331992463291163"
        },
        "taxonomy": {
            "name": "Peuplier",
            "species": "nigra",
            "genre": "Populus",
            "variety": "Italica"
        }
    },
    {
        "idbase": 317249,
        "domain": "Jardin",
        "stage": "Mature",
        "height": 28,
        "circumference": 480,
        "location": {
            "id_location": "107001",
            "suppl_address": "09-02",
            "address": "SQUARE MONTHOLON / 79 BIS RUE LA FAYETTE",
            "arrondissement": "PARIS 9E ARRDT"
        },
        "geo": {
            "geo_point_2d": "48.87691333705937, 2.3464295666073443"
        },
        "taxonomy": {
            "name": "Platane",
            "species": "x hispanica",
            "genre": "Platanus"
        }
    },
    {
        "idbase": 302528,
        "domain": "Jardin",
        "stage": "Mature",
        "height": 27,
        "circumference": 494,
        "location": {
            "id_location": "101002",
            "suppl_address": "Secteur Petit Palais",
            "address": "JARDINS DES CHAMPS ELYSEES - PARTIE A LA FRANCAISE EST / AVENUE CHARLES GIRAULT",
            "arrondissement": "PARIS 8E ARRDT"
        },
        "geo": {
            "geo_point_2d": "48.86683828209138, 2.314289787302353"
        },
        "taxonomy": {
            "name": "Platane",
            "species": "x hispanica",
            "genre": "Platanus"
        }
    },
    {
        "idbase": 186332,
        "domain": "DASCO",
        "stage": "Jeune (arbre)Adulte",
        "height": 114,
        "circumference": 117,
        "location": {
            "id_location": "101006",
            "address": "ECOLE POLYVALENTE / 21 RUE PRIMO LEVI",
            "arrondissement": "PARIS 13E ARRDT"
        },
        "geo": {
            "geo_point_2d": "48.830532424492105, 2.37946934093713"
        },
        "taxonomy": {
            "name": "Marronnier",
            "species": "hippocastanum",
            "genre": "Aesculus"
        }
    },
    {
        "idbase": 106336,
        "domain": "Jardin",
        "stage": "Adulte",
        "height": 112,
        "circumference": 118,
        "location": {
            "id_location": "P01001008",
            "suppl_address": "Canton 10",
            "address": "JARDIN DU CHAMP DE MARS ET PELOUSES DE L ECOLE MILITAIRE",
            "arrondissement": "PARIS 7E ARRDT"
        },
        "geo": {
            "geo_point_2d": "48.85387060519795, 2.299462527772471"
        },
        "taxonomy": {
            "name": "Cornouiller",
            "species": "sp.",
            "genre": "Cornus"
        }
    },
    {
        "idbase": 101242,
        "domain": "Jardin",
        "stage": "Adulte",
        "height": 30,
        "circumference": 440,
        "location": {
            "id_location": "A00102002",
            "suppl_address": "Palais Omnisport de Paris Bercy",
            "address": "PARC DE BERCY / 128 QUAI DE BERCY",
            "arrondissement": "PARIS 12E ARRDT"
        },
        "geo": {
            "geo_point_2d": "48.837794432065046, 2.3777788022073083"
        },
        "taxonomy": {
            "name": "Platane",
            "species": "x hispanica",
            "genre": "Platanus"
        }
    },
    {
        "idbase": 2031609,
        "domain": "Alignement",
        "stage": "Mature",
        "height": 28,
        "circumference": 470,
        "location": {
            "id_location": "101006",
            "address": "PORT DE LA TOURNELLE",
            "arrondissement": "PARIS 5E ARRDT"
        },
        "geo": {
            "geo_point_2d": "48.84940628346616, 2.357213064962685"
        },
        "taxonomy": {
            "name": "Platane",
            "species": "x hispanica",
            "genre": "Platanus"
        }
    },
    {
        "idbase": 100738,
        "domain": "Jardin",
        "stage": "Mature",
        "height": 30,
        "circumference": 435,
        "location": {
            "id_location": "290",
            "address": "PARC DE BERCY",
            "arrondissement": "PARIS 12E ARRDT"
        },
        "geo": {
            "geo_point_2d": "48.83369496749096, 2.3834693992186966"
        },
        "taxonomy": {
            "name": "Platane",
            "species": "x hispanica",
            "genre": "Platanus"
        }
    },
    {
        "idbase": 135262,
        "domain": "Jardin",
        "stage": "Mature",
        "remarkable": "OUI",
        "height": 30,
        "circumference": 435,
        "location": {
            "id_location": "72",
            "suppl_address": "17-07",
            "address": "SQUARE DES BATIGNOLLES",
            "arrondissement": "PARIS 17E ARRDT"
        },
        "geo": {
            "geo_point_2d": "48.88723852240107, 2.3171631058210123"
        },
        "taxonomy": {
            "name": "Pterocarya",
            "species": "fraxinifolia",
            "genre": "Pterocarya"
        }
    },
    {
        "idbase": 263273,
        "domain": "Alignement",
        "stage": "Mature",
        "height": 30,
        "circumference": 435,
        "location": {
            "id_location": "802003",
            "address": "AVENUE DE NEW YORK",
            "arrondissement": "PARIS 16E ARRDT"
        },
        "geo": {
            "geo_point_2d": "48.86385411385714, 2.29838072421302"
        },
        "taxonomy": {
            "name": "Platane",
            "species": "x hispanica",
            "genre": "Platanus"
        }
    },
    {
        "idbase": 111354,
        "domain": "Jardin",
        "stage": "Mature",
        "height": 30,
        "circumference": 433,
        "location": {
            "id_location": "307036",
            "suppl_address": "PELOUSE 20 - 75 à 77",
            "address": "JARDIN DE L AVENUE FOCH / 10 AVENUE FOCH",
            "arrondissement": "PARIS 16E ARRDT"
        },
        "geo": {
            "geo_point_2d": "48.87186337156863, 2.278864998186304"
        },
        "taxonomy": {
            "name": "Platane",
            "species": "x hispanica",
            "genre": "Platanus"
        }
    },
    {
        "idbase": 110403,
        "domain": "Jardin",
        "stage": "Mature",
        "height": 32,
        "circumference": 404,
        "location": {
            "id_location": "52902012",
            "suppl_address": "Pelouse Ravin",
            "address": "PARC MONTSOURIS / 28 BOULEVARD JOURDAN",
            "arrondissement": "PARIS 14E ARRDT"
        },
        "geo": {
            "geo_point_2d": "48.82080004317904, 2.3400243724394927"
        },
        "taxonomy": {
            "name": "Platane",
            "species": "x hispanica",
            "genre": "Platanus"
        }
    },
    {
        "idbase": 302575,
        "domain": "Jardin",
        "stage": "Mature",
        "height": 28,
        "circumference": 460,
        "location": {
            "id_location": "110002",
            "suppl_address": "Secteur Petit Palais",
            "address": "JARDINS DES CHAMPS ELYSEES - JARDINS DES ABORDS DU PETIT PALAIS / 16 COURS LA REINE",
            "arrondissement": "PARIS 8E ARRDT"
        },
        "geo": {
            "geo_point_2d": "48.865132228467296, 2.3141000230108064"
        },
        "taxonomy": {
            "name": "Platane",
            "species": "x hispanica",
            "genre": "Platanus"
        }
    },
    {
        "idbase": 101188,
        "domain": "Jardin",
        "stage": "Mature",
        "height": 28,
        "circumference": 460,
        "location": {
            "id_location": "D00201007",
            "suppl_address": "JARDIN YITZHAK RABIN - Le mail des Tilleuls",
            "address": "PARC DE BERCY - JARDIN YITZHAK RABIN / 16 RUE JOSEPH KESSEL",
            "arrondissement": "PARIS 12E ARRDT"
        },
        "geo": {
            "geo_point_2d": "48.83467033290392, 2.3822048110197835"
        },
        "taxonomy": {
            "name": "Platane",
            "species": "x hispanica",
            "genre": "Platanus"
        }
    },
    {
        "idbase": 111918,
        "domain": "Jardin",
        "stage": "Mature",
        "height": 27,
        "circumference": 476,
        "location": {
            "id_location": "406039",
            "suppl_address": "PELOUSE 04 - 70 à 80",
            "address": "JARDIN DE L AVENUE FOCH / 10 AVENUE FOCH",
            "arrondissement": "PARIS 16E ARRDT"
        },
        "geo": {
            "geo_point_2d": "48.87249049517803, 2.278930820483332"
        },
        "taxonomy": {
            "name": "Platane",
            "species": "x hispanica",
            "genre": "Platanus"
        }
    },
    {
        "idbase": 220293,
        "domain": "Alignement",
        "stage": "Mature",
        "height": 35,
        "circumference": 364,
        "location": {
            "id_location": "606001",
            "address": "QUAI D AUSTERLITZ",
            "arrondissement": "PARIS 13E ARRDT"
        },
        "geo": {
            "geo_point_2d": "48.843532603641684, 2.3660377295663877"
        },
        "taxonomy": {
            "name": "Platane",
            "species": "x hispanica",
            "genre": "Platanus"
        }
    },
    {
        "idbase": 114079,
        "domain": "Jardin",
        "stage": "Mature",
        "height": 28,
        "circumference": 450,
        "location": {
            "id_location": "10028",
            "address": "JARDIN DES SERRES D AUTEUIL / 1 AVENUE GORDON BENNETT",
            "arrondissement": "PARIS 16E ARRDT"
        },
        "geo": {
            "geo_point_2d": "48.84757928986706, 2.2514810796654317"
        },
        "taxonomy": {
            "name": "Pterocarya",
            "species": "x rehderiana",
            "genre": "Pterocarya"
        }
    },
    {
        "idbase": 109163,
        "domain": "Jardin",
        "height": 30,
        "circumference": 420,
        "location": {
            "id_location": "1001012",
            "address": "PARC KELLERMANN / 19 RUE DE LA POTERNE DES PEUPLIERS",
            "arrondissement": "PARIS 13E ARRDT"
        },
        "geo": {
            "geo_point_2d": "48.81798559919506, 2.3552150495064557"
        },
        "taxonomy": {
            "name": "Peuplier",
            "species": "nigra",
            "genre": "Populus",
            "variety": "Italica"
        }
    },
    {
        "idbase": 136794,
        "domain": "Jardin",
        "stage": "Mature",
        "remarkable": "OUI",
        "height": 28,
        "circumference": 449,
        "location": {
            "id_location": "40084",
            "suppl_address": "16-40",
            "address": "JARDIN DU RANELAGH",
            "arrondissement": "PARIS 16E ARRDT"
        },
        "geo": {
            "geo_point_2d": "48.860033380573846, 2.2691346154875127"
        },
        "taxonomy": {
            "name": "Pterocarya",
            "species": "fraxinifolia",
            "genre": "Pterocarya"
        }
    },
    {
        "idbase": 109013,
        "domain": "Jardin",
        "stage": "Mature",
        "height": 31,
        "circumference": 405,
        "location": {
            "id_location": "202004",
            "address": "SQUARE D AJACCIO / 127 RUE DE GRENELLE",
            "arrondissement": "PARIS 7E ARRDT"
        },
        "geo": {
            "geo_point_2d": "48.85746749989223, 2.31450361007846"
        },
        "taxonomy": {
            "name": "Platane",
            "species": "x hispanica",
            "genre": "Platanus"
        }
    },
    {
        "idbase": 317250,
        "domain": "Jardin",
        "stage": "Mature",
        "remarkable": "OUI",
        "height": 27,
        "circumference": 465,
        "location": {
            "id_location": "108001",
            "address": "SQUARE MONTHOLON / 79 BIS RUE LA FAYETTE",
            "arrondissement": "PARIS 9E ARRDT"
        },
        "geo": {
            "geo_point_2d": "48.876921252496146, 2.3467187956592257"
        },
        "taxonomy": {
            "name": "Platane",
            "species": "x hispanica",
            "genre": "Platanus"
        }
    },
    {
        "idbase": 125007,
        "domain": "Jardin",
        "stage": "Mature",
        "height": 25,
        "circumference": 500,
        "location": {
            "id_location": "101014",
            "address": "JARDIN DE LA PLACE JEAN-PAUL II / 2 PARVIS NOTRE-DAME - PLACE JEAN-PAUL II",
            "arrondissement": "PARIS 4E ARRDT"
        },
        "geo": {
            "geo_point_2d": "48.853040498275604, 2.348128696600029"
        },
        "taxonomy": {
            "name": "Platane",
            "species": "orientalis",
            "genre": "Platanus"
        }
    },
    {
        "idbase": 109198,
        "domain": "Jardin",
        "stage": "Mature",
        "height": 30,
        "circumference": 415,
        "location": {
            "id_location": "1202004",
            "address": "PARC KELLERMANN / 19 RUE DE LA POTERNE DES PEUPLIERS",
            "arrondissement": "PARIS 13E ARRDT"
        },
        "geo": {
            "geo_point_2d": "48.817723743064775, 2.3557915078067153"
        },
        "taxonomy": {
            "name": "Platane",
            "species": "x hispanica",
            "genre": "Platanus"
        }
    },
    {
        "idbase": 109681,
        "domain": "Jardin",
        "stage": "Mature",
        "height": 31,
        "circumference": 401,
        "location": {
            "id_location": "0102D1002",
            "suppl_address": "Entrée Jourdan / Cité Universitaire",
            "address": "PARC MONTSOURIS / 28 BOULEVARD JOURDAN",
            "arrondissement": "PARIS 14E ARRDT"
        },
        "geo": {
            "geo_point_2d": "48.82045977888281, 2.340800549386565"
        },
        "taxonomy": {
            "name": "Platane",
            "species": "x hispanica",
            "genre": "Platanus"
        }
    },
    {
        "idbase": 102142,
        "domain": "Jardin",
        "stage": "Mature",
        "height": 35,
        "circumference": 355,
        "location": {
            "id_location": "H0690015",
            "suppl_address": "19-10",
            "address": "PARC DES BUTTES CHAUMONT",
            "arrondissement": "PARIS 19E ARRDT"
        },
        "geo": {
            "geo_point_2d": "48.88029956113048, 2.381576598441161"
        },
        "taxonomy": {
            "name": "Arbre aux quarante écus",
            "species": "biloba",
            "genre": "Ginkgo"
        }
    },
    {
        "idbase": 132360,
        "domain": "Jardin",
        "stage": "Mature",
        "height": 32,
        "circumference": 385,
        "location": {
            "id_location": "304007",
            "address": "JARDIN TINO ROSSI / 2B QUAI SAINT BERNARD",
            "arrondissement": "PARIS 5E ARRDT"
        },
        "geo": {
            "geo_point_2d": "48.849272654397545, 2.3580281579660882"
        },
        "taxonomy": {
            "name": "Peuplier",
            "species": "nigra",
            "genre": "Populus",
            "variety": "Italica"
        }
    },
    {
        "idbase": 103088,
        "domain": "Jardin",
        "stage": "Mature",
        "height": 30,
        "circumference": 410,
        "location": {
            "id_location": "M08602003",
            "address": "PARC DES BUTTES CHAUMONT",
            "arrondissement": "PARIS 19E ARRDT"
        },
        "geo": {
            "geo_point_2d": "48.87870096984293, 2.3815339312276635"
        },
        "taxonomy": {
            "name": "Marronnier",
            "species": "hippocastanum",
            "genre": "Aesculus"
        }
    }
]